<?xml version="1.0" encoding="UTF-8"?>
<project-private xmlns="http://www.netbeans.org/ns/project-private/1">
    <editor-bookmarks xmlns="http://www.netbeans.org/ns/editor-bookmarks/2" lastBookmarkId="0"/>
    <open-files xmlns="http://www.netbeans.org/ns/projectui-open-files/2">
        <group>
            <file>file:/C:/Users/mayar/Documents/NetBeansProjects/projetoWebRefatorado/src/dao/PacienteDAO.java</file>
            <file>file:/C:/Users/mayar/Documents/NetBeansProjects/projetoWebRefatorado/src/dao/QuartoDAO.java</file>
            <file>file:/C:/Users/mayar/Documents/NetBeansProjects/projetoWebRefatorado/src/model/Consulta.java</file>
            <file>file:/C:/Users/mayar/Documents/NetBeansProjects/projetoWebRefatorado/src/dao/ConsultaDAO.java</file>
            <file>file:/C:/Users/mayar/Documents/NetBeansProjects/projetoWebRefatorado/src/service/ConvênioService.java</file>
            <file>file:/C:/Users/mayar/Documents/NetBeansProjects/projetoWebRefatorado/src/view/Main.java</file>
            <file>file:/C:/Users/mayar/Documents/NetBeansProjects/projetoWebRefatorado/src/service/PacienteService.java</file>
            <file>file:/C:/Users/mayar/Documents/NetBeansProjects/projetoWebRefatorado/src/model/Prontuario.java</file>
            <file>file:/C:/Users/mayar/Documents/NetBeansProjects/projetoWebRefatorado/src/model/Paciente.java</file>
            <file>file:/C:/Users/mayar/Documents/NetBeansProjects/projetoWebRefatorado/src/service/ConsultaService.java</file>
            <file>file:/C:/Users/mayar/Documents/NetBeansProjects/projetoWebRefatorado/src/dao/InternaçaoDAO.java</file>
            <file>file:/C:/Users/mayar/Documents/NetBeansProjects/projetoWebRefatorado/src/dao/ConexaoDAO.java</file>
            <file>file:/C:/Users/mayar/Documents/NetBeansProjects/projetoWebRefatorado/src/model/Quarto.java</file>
            <file>file:/C:/Users/mayar/Documents/NetBeansProjects/projetoWebRefatorado/src/dao/ConvênioDAO.java</file>
            <file>file:/C:/Users/mayar/Documents/NetBeansProjects/projetoWebRefatorado/src/model/Internaçao.java</file>
            <file>file:/C:/Users/mayar/Documents/NetBeansProjects/projetoWebRefatorado/src/dao/ProntuarioDAO.java</file>
            <file>file:/C:/Users/mayar/Documents/NetBeansProjects/projetoWebRefatorado/src/model/Psicologo.java</file>
            <file>file:/C:/Users/mayar/Documents/NetBeansProjects/projetoWebRefatorado/src/service/InternaçaoService.java</file>
            <file>file:/C:/Users/mayar/Documents/NetBeansProjects/projetoWebRefatorado/src/dao/PsicologoDAO.java</file>
            <file>file:/C:/Users/mayar/Documents/NetBeansProjects/projetoWebRefatorado/src/service/ProntuarioService.java</file>
            <file>file:/C:/Users/mayar/Documents/NetBeansProjects/projetoWebRefatorado/src/service/QuartoService.java</file>
            <file>file:/C:/Users/mayar/Documents/NetBeansProjects/projetoWebRefatorado/src/model/Convênio.java</file>
            <file>file:/C:/Users/mayar/Documents/NetBeansProjects/projetoWebRefatorado/src/service/PsicologoService.java</file>
        </group>
    </open-files>
</project-private>
